-- phpMyAdmin SQL Dump
-- version 4.5.1
-- http://www.phpmyadmin.net
--
-- Servidor: 127.0.0.1
-- Tiempo de generación: 22-04-2017 a las 23:49:23
-- Versión del servidor: 10.1.13-MariaDB
-- Versión de PHP: 5.6.23

SET SQL_MODE = "NO_AUTO_VALUE_ON_ZERO";
SET time_zone = "+00:00";


/*!40101 SET @OLD_CHARACTER_SET_CLIENT=@@CHARACTER_SET_CLIENT */;
/*!40101 SET @OLD_CHARACTER_SET_RESULTS=@@CHARACTER_SET_RESULTS */;
/*!40101 SET @OLD_COLLATION_CONNECTION=@@COLLATION_CONNECTION */;
/*!40101 SET NAMES utf8mb4 */;

--
-- Base de datos: `utn`
--

-- --------------------------------------------------------

--
-- Estructura de tabla para la tabla `envios`
--

CREATE TABLE `envios` (
  `Numero` int(11) NOT NULL,
  `pNumero` int(11) NOT NULL,
  `Cantidad` int(11) NOT NULL
   

) ENGINE=InnoDB DEFAULT CHARSET=utf8 COLLATE=utf8_spanish2_ci;

--
-- Volcado de datos para la tabla `envios`
--

INSERT INTO `envios` (`Numero`, `pNumero`, `Cantidad`) VALUES
(100, 1, 500),
(100, 2, 1500),
(100, 3, 100),
(101, 2, 55),
(101, 3, 225),
(102, 1, 600),
(102, 3, 300);

--
-- Índices para tablas volcadas
--

--
-- Indices de la tabla `envios`
--
ALTER TABLE `envios`
  ADD PRIMARY KEY (`Numero`,`pNumero`);

/*!40101 SET CHARACTER_SET_CLIENT=@OLD_CHARACTER_SET_CLIENT */;
/*!40101 SET CHARACTER_SET_RESULTS=@OLD_CHARACTER_SET_RESULTS */;
/*!40101 SET COLLATION_CONNECTION=@OLD_COLLATION_CONNECTION */;
-- --------------------------------------------------------

--
-- Estructura de tabla para la tabla `productos`
--

CREATE TABLE `productos` (
  `pNumero` int(11) NOT NULL,
  `pNombre` varchar(30) COLLATE utf8_spanish2_ci DEFAULT NULL,
  `Precio` float NOT NULL,
  `Tamaño` varchar(20) COLLATE utf8_spanish2_ci NOT NULL
) ENGINE=InnoDB DEFAULT CHARSET=utf8 COLLATE=utf8_spanish2_ci;

--
-- Volcado de datos para la tabla `productos`
--

INSERT INTO `productos` (`pNumero`, `pNombre`, `Precio`, `Tamaño`) VALUES
(1, 'Caramelos', 1.5, 'Chico'),
(2, 'Cigarrillos', 45.89, 'Mediano'),
(3, 'Gaseosa', 15.8, 'Grande');

-- --------------------------------------------------------

--
-- Estructura de tabla para la tabla `proveedores`
--

CREATE TABLE `proveedores` (
  `Numero` int(3) NOT NULL,
  `Nombre` varchar(30) COLLATE utf8_spanish2_ci DEFAULT NULL,
  `Domicilio` varchar(30) COLLATE utf8_spanish2_ci DEFAULT NULL,
  `Localidad` varchar(30) COLLATE utf8_spanish2_ci DEFAULT NULL
) ENGINE=InnoDB DEFAULT CHARSET=utf8 COLLATE=utf8_spanish2_ci;

--
-- Volcado de datos para la tabla `proveedores`
--

INSERT INTO `proveedores` (`Numero`, `Nombre`, `Domicilio`, `Localidad`) VALUES
(100, 'Perez', 'Peron 876', 'Quilmes'),
(101, 'Gimenez', 'Mitre 750', 'Avellaneda'),
(102, 'Aguirre', 'Boedo 634', 'Bernal');

--
-- Índices para tablas volcadas
--

--


--
-- Indices de la tabla `productos`
--
ALTER TABLE `productos`
  ADD PRIMARY KEY (`pNumero`),
  ADD KEY `pNumero` (`pNumero`);

--
-- Indices de la tabla `proveedores`
--
ALTER TABLE `proveedores`
  ADD PRIMARY KEY (`Numero`);

--
-- AUTO_INCREMENT de las tablas volcadas
--

--
-- AUTO_INCREMENT de la tabla `productos`
--
ALTER TABLE `productos`
  MODIFY `pNumero` int(11) NOT NULL AUTO_INCREMENT, AUTO_INCREMENT=4;
/*!40101 SET CHARACTER_SET_CLIENT=@OLD_CHARACTER_SET_CLIENT */;
/*!40101 SET CHARACTER_SET_RESULTS=@OLD_CHARACTER_SET_RESULTS */;
/*!40101 SET COLLATION_CONNECTION=@OLD_COLLATION_CONNECTION */;